estimator,noun_gap_reduction_mean,occ_gap_preservation_mean,tradeoff_gmean_mean,tradeoff_hmean_mean
Centroid,0.9299362962623943,0.8214770184727329,0.8728071237469738,0.8699255054689974
LDA,0.44224894121518665,0.8691793063545492,0.6152815778769591,0.578359980803961
LinearSVC,0.7670708286044775,0.7945368393215085,0.7757938486909667,0.7708652844205763
